{}{}{}{}{}{}{}{"cam_R_m2c": [-0.01795329339802265, -0.959463894367218, 0.28125935792922974, -0.1360679417848587, -0.2763430178165436, -0.9513779878616333, 0.9905368685722351, -0.05535072088241577, -0.12559105455875397], "cam_t_m2c": [225.45530700683594, 168.51051330566406, 1008.190185546875], "obj_id": 1}{}{}{}{}{}{}{}{}